type,category,question,option1,option2,option3,option4,option5,option6,correctAnswer,explanation,image,margin,unit,timeLimit
MULTIPLE_CHOICE,Science,What planet is known as the Red Planet?,Mars,Venus,Jupiter,Mercury,,,Mars,Iron oxide dust on the surface gives Mars its rusty colour.,,,,
MULTIPLE_CHOICE,Science,What gas do plants absorb from the air?,Oxygen,Carbon Dioxide,Nitrogen,Helium,,,Carbon Dioxide,Photosynthesis turns CO2 and water into sugar and oxygen.,,,,
MULTI_SELECT,Science,Which of these are noble gases?,Helium,Nitrogen,Argon,Oxygen,,,Helium|Argon,"List every correct option in correctAnswer, separated by pipes. A wrong pick cancels a right one.",,,,
TRUE_FALSE,Science,"The Great Wall of China is visible from the Moon with the naked eye, true or false?",True,False,,,,,False,It is not even reliably visible from low Earth orbit.,,,,
NUMBER,Science,How many bones are in the adult human body?,,,,,,,206,"Closest guess scores the most. Babies start with closer to 300, and many fuse together as they grow.",,,,
MATCH,Science,Match each element to its chemical symbol.,Gold = Au,Silver = Ag,Iron = Fe,Sodium = Na,,,See the pairs,"Each option is item = partner, written in the right pairs; the game shuffles the partners. Au, Ag, Fe and Na come from the Latin aurum, argentum, ferrum and natrium.",,,,
MULTIPLE_CHOICE,Music,Who released the album Thriller?,Prince,Michael Jackson,Madonna,Whitney Houston,,,Michael Jackson,It is still the best-selling album of all time.,,,,
TRUE_FALSE,Music,"Freddie Mercury was born Farrokh Bulsara, true or false?",True,False,,,,,True,He was born in Zanzibar in 1946.,,,,
TYPE_ANSWER,Music,"Which Beatle was known as ""the quiet one""?",George Harrison,Harrison,George,,,,George Harrison,Matching ignores case and extra spaces; list every spelling you will accept.,,,,
SCRAMBLE,Music,Unscramble the instrument.,,,,,,,Saxophone,"The answer is the word; players rebuild it from its shuffled letters. Adolphe Sax patented it in 1846.",,,,
SLIDER,History,In what year did Apollo 11 land on the Moon?,1960,1980,1,1968,1970,,1969,"options are min, max, step, correctLow, correctHigh - any guess in range counts in full, and the low margin pays a little for a near miss.",,low,,
PUZZLE,History,Put these conflicts in chronological order,World War I,World War II,Korean War,Vietnam War,,,World War I|World War II|Korean War|Vietnam War,Put the options in the CORRECT order; the game shuffles them for players.,,,,
RANGE,Geography,"How tall is Mount Everest, in metres?",5000,10000,10,,,,8849,"options are min, max, step; the answer goes in correctAnswer. Players catch it between two handles, and the tighter the range, the more it pays. Surveyed at 8,848.86 m in 2020.",,,m,
PIN,Geography,Drop a pin on Mount Kilimanjaro.,-3.0674,37.3556,400,,,,"Mount Kilimanjaro, Tanzania","On a built-in map the options are latitude, longitude and how many km away still counts. Africa's highest peak, at 5,895 m, sits just south of the equator.",world,,,
PIN,Florida,Pin Fort Myers on the map.,26.6406,-81.8723,120,,,,Fort Myers,Thomas Edison wintered here - his estate is still on McGregor Boulevard.,usa,,,
CATEGORIZE,Food,"Botanically speaking, fruit or vegetable?",Tomato = Fruit,Cucumber = Fruit,Carrot = Vegetable,Bell pepper = Fruit,Potato = Vegetable,Celery = Vegetable,See the groups,"Each option is item = group, with two to four groups. Anything that grows from a flower and carries seeds is a fruit to a botanist.",,,,40
,Science,True or False: Sound travels faster through water than through air.,,,,,,,True,"Shorthand: no type and no options — a True/False answer is enough.",,,,
,Science,What element has the symbol K?,,,,,,,Potassium,"Shorthand: no options at all reads as a typed answer.",,,,
,Food,Name as many ingredients in a classic margarita as you can.,,,,,,,"Tequila, lime juice, triple sec, salt","Shorthand: a list answer accepts any one of its items, and reveals all of them.",,,,
