type,category,question,option1,option2,option3,option4,option5,correctAnswer,explanation
MULTIPLE_CHOICE,Science,Which blood type is known as the universal donor?,O negative,AB positive,A positive,B negative,,O negative,"O negative red cells carry none of the main antigens, so almost any patient can receive them in an emergency."
MULTIPLE_CHOICE,Science,Which element is the most abundant in the Earth's crust by mass?,Oxygen,Iron,Silicon,Aluminium,,Oxygen,"Oxygen makes up roughly 46 percent of the crust, locked away in silicates and oxides rather than floating around as gas."
MULTIPLE_CHOICE,Science,Which subatomic particle was identified first?,The electron,The proton,The neutron,The positron,,The electron,"J. J. Thomson pinned down the electron in 1897, decades before the neutron turned up in 1932."
TRUE_FALSE,Science,Sound travels faster through water than through air.,True,False,,,,True,"Sound moves at about 1,500 metres per second in water, roughly four times its speed in air, because water is far less squishy."
SLIDER,Science,"On average, how many thousands of kilometres is the Moon from Earth?",50,700,10,330,440,"About 384,000 km","The Moon orbits at an average 384,400 km, far enough that every planet in the solar system could be lined up in the gap."
MULTIPLE_CHOICE,History,The Rosetta Stone was the key to deciphering which ancient writing system?,Egyptian hieroglyphs,Sumerian cuneiform,Mayan glyphs,Linear B,,Egyptian hieroglyphs,The same decree carved in Greek and two Egyptian scripts let scholars finally crack hieroglyphs in the 1820s.
MULTIPLE_CHOICE,History,"The Treaty of Ghent, signed in 1814, ended which conflict?",The War of 1812,The Seven Years War,The Crimean War,The American Revolution,,The War of 1812,News travelled so slowly that the Battle of New Orleans was fought two weeks after peace had already been signed.
MULTIPLE_CHOICE,History,Who is traditionally named as the last emperor of the Western Roman Empire?,Romulus Augustulus,Honorius,Valentinian III,Constantine XI,,Romulus Augustulus,A teenager whose name combined Rome's legendary founder and its first emperor was deposed in 476.
TRUE_FALSE,History,The Great Fire of London in 1666 officially recorded fewer than ten deaths.,True,False,,,,True,"Only a handful of deaths were ever recorded, though the fire destroyed some 13,000 houses."
PUZZLE,History,"Put these events in chronological order, earliest first.",Magna Carta is sealed at Runnymede,The Black Death reaches England,Constantinople falls to the Ottomans,Columbus reaches the Caribbean,,Magna Carta is sealed at Runnymede|The Black Death reaches England|Constantinople falls to the Ottomans|Columbus reaches the Caribbean,"The run goes 1215, 1348, 1453 and 1492, so the Middle Ages ended with two hammer blows just 39 years apart."
MULTIPLE_CHOICE,Geography,Which of these South American countries is landlocked?,Peru,Bolivia,Ecuador,Venezuela,,Bolivia,Bolivia lost its coastline to Chile in the 19th century and still keeps a navy on Lake Titicaca.
MULTIPLE_CHOICE,Geography,Which African country is completely surrounded by South Africa?,Eswatini,Botswana,Lesotho,Namibia,,Lesotho,"Lesotho is one of only three countries entirely enclosed by a single neighbour, along with San Marino and Vatican City."
MULTIPLE_CHOICE,Geography,Which African country shares land borders with the most other countries?,Sudan,Democratic Republic of the Congo,Algeria,Nigeria,,Democratic Republic of the Congo,"The DR Congo touches nine neighbours, from Angola in the south-west all the way round to South Sudan."
TRUE_FALSE,Geography,The northernmost point of mainland Africa lies further north than the southernmost point of mainland Europe.,True,False,,,,True,"Cape Angela in Tunisia sits above 37 degrees north, while Spain's Punta de Tarifa is just under 36 degrees."
SLIDER,Geography,"How deep is Challenger Deep, the lowest known point of the ocean, in metres?",4000,16000,100,9800,12000,"About 10,935 metres","Challenger Deep in the Mariana Trench is roughly 10,935 metres down, deep enough to swallow Everest with a mile to spare."
MULTIPLE_CHOICE,Pop Culture,Whose record-shattering concert film was titled The Eras Tour?,Beyonce,Taylor Swift,Billie Eilish,Olivia Rodrigo,,Taylor Swift,"The Eras Tour film opened in October 2023 and became the highest-grossing concert movie ever, spanning Taylor Swift's whole back catalogue."
MULTIPLE_CHOICE,Pop Culture,Which video game hero was originally known simply as Jumpman?,Sonic the Hedgehog,Link,Mario,Mega Man,,Mario,"He was Jumpman in 1981's Donkey Kong before Nintendo renamed him Mario, reportedly after their US warehouse landlord."
MULTIPLE_CHOICE,Pop Culture,"In The Simpsons, what was the name of Ned Flanders' late wife?",Maude,Edna,Helen,Agnes,,Maude,"Maude Flanders was killed by a T-shirt cannon at a racetrack in 2000, written out after a contract dispute with her voice actor."
TRUE_FALSE,Pop Culture,James Earl Jones went uncredited as the voice of Darth Vader when the first Star Wars was released.,True,False,,,,True,"He felt the role was really David Prowse's body work and asked for no credit, only taking one from The Empire Strikes Back onwards."
TYPE_ANSWER,Pop Culture,"Which director made Pulp Fiction, Jackie Brown and Kill Bill?",Quentin Tarantino,Tarantino,Quinten Tarantino,,,Quentin Tarantino,Quentin Tarantino famously learned his craft behind the counter of a California video rental shop rather than at film school.
MULTIPLE_CHOICE,Sports,"In ten-pin bowling, what is the nickname for three strikes in a row?",Turkey,Hat-trick,Hammer,Split,,Turkey,The name is said to come from 19th-century tournaments that handed out live turkeys as prizes for three strikes.
MULTIPLE_CHOICE,Sports,The FIVB is the international governing body for which Olympic sport?,Volleyball,Fencing,Water polo,Weightlifting,,Volleyball,"FIVB stands for Federation Internationale de Volleyball, which also runs the beach version of the game."
MULTIPLE_CHOICE,Sports,Which nation has won the most Olympic gold medals in field hockey?,India,Netherlands,Australia,Pakistan,,India,"India has eight hockey golds, including six in a row from 1928 to 1956."
TRUE_FALSE,Sports,The Olympic marathon has always been run over the modern distance of 26.2 miles.,True,False,,,,False,"Early Olympic marathons ranged from about 24 to 26 miles, and 26 miles 385 yards was only fixed as standard from 1924."
SLIDER,Sports,How many stitches are there on a standard Major League Baseball?,50,200,2,96,120,108,Every big-league ball is hand-stitched with exactly 108 double stitches of waxed red thread.
MULTIPLE_CHOICE,Tech,"In computing, what does USB stand for?",Universal Serial Bus,Universal System Bus,Unified Serial Board,Universal Storage Bus,,Universal Serial Bus,Universal Serial Bus arrived in 1996 to replace the tangle of ports on the back of every PC.
MULTIPLE_CHOICE,Tech,"What was the first item ever sold on eBay, back in 1995?",A broken laser pointer,A used Macintosh,A Beanie Baby,A signed baseball,,A broken laser pointer,"It went for 14.83 dollars, and the buyer confirmed he collected broken laser pointers on purpose."
MULTIPLE_CHOICE,Tech,The world's first webcam was set up at Cambridge University to watch what?,A coffee pot,A fish tank,A car park barrier,A lab door,,A coffee pot,The Trojan Room coffee pot was filmed so researchers could avoid climbing stairs to find an empty jug.
TRUE_FALSE,Tech,"The first message sent over ARPANET failed partway through, so only two letters arrived.",True,False,,,,True,"They tried to send LOGIN in 1969 but the system crashed after LO, making it the internet's first accidental greeting."
PUZZLE,Tech,"Put these gadgets in order of their original release, earliest first.",Sony Walkman,Nintendo Game Boy,Apple iPod,Amazon Kindle,,Sony Walkman|Nintendo Game Boy|Apple iPod|Amazon Kindle,"Walkman 1979, Game Boy 1989, iPod 2001 and Kindle 2007 - roughly a decade apart each time, until the 2000s sped up."
MULTIPLE_CHOICE,Art,Which artist painted the melting pocket watches of The Persistence of Memory?,Salvador Dali,Pablo Picasso,Rene Magritte,Joan Miro,,Salvador Dali,Dali said the drooping watches were inspired by camembert cheese softening in the sun.
MULTIPLE_CHOICE,Art,What is the technique of painting onto freshly laid wet plaster called?,Fresco,Gouache,Impasto,Tempera,,Fresco,"In true fresco the pigment bonds with the drying plaster, so the painting becomes part of the wall itself."
MULTIPLE_CHOICE,Art,The pigment name ultramarine literally means what?,Beyond the sea,Deepest blue,Water of kings,Stone of heaven,,Beyond the sea,"It was ground from lapis lazuli shipped to Europe from Afghanistan, so it arrived from beyond the sea."
TRUE_FALSE,Art,Michelangelo painted the Sistine Chapel ceiling lying flat on his back.,True,False,,,,False,"He worked standing on custom scaffolding, craning backwards, which wrecked his neck but never had him lying down."
TYPE_ANSWER,Art,"Which Mexican painter is famous for fierce self-portraits featuring flowers, monkeys and a joined brow?",Frida Kahlo,Kahlo,Frida,,,Frida Kahlo,"Frida Kahlo painted around 55 self-portraits, once saying she painted herself because she was so often alone."
MULTIPLE_CHOICE,Literature,"Which author created the Discworld series, set on a flat world carried by elephants on a giant turtle?",Terry Pratchett,Douglas Adams,Neil Gaiman,Diana Wynne Jones,,Terry Pratchett,"Terry Pratchett wrote 41 Discworld novels, and his hat and sword were later famously part of his estate."
MULTIPLE_CHOICE,Literature,Which Nigerian writer is best known for the 1958 novel Things Fall Apart?,Chinua Achebe,Wole Soyinka,Ben Okri,Ngugi wa Thiong'o,,Chinua Achebe,"Achebe took his title from a Yeats poem, and the book has since sold over 20 million copies in some 60 languages."
MULTIPLE_CHOICE,Literature,Which of the Bronte sisters published under the pen name Currer Bell?,Charlotte,Emily,Anne,None of them,,Charlotte,"Charlotte was Currer, Emily was Ellis and Anne was Acton, all keeping the deliberately ambiguous Bell surname."
TRUE_FALSE,Literature,Mary Shelley was still a teenager when she began writing Frankenstein.,True,False,,,,True,She was 18 during the famous ghost-story challenge at Lake Geneva in 1816 and only 20 when the novel appeared.
TYPE_ANSWER,Literature,Which author wrote the 1932 dystopian novel Brave New World?,Aldous Huxley,Huxley,Aldus Huxley,Aldous Leonard Huxley,,Aldous Huxley,"Huxley imagined a society drugged on soma and sorted into castes, and he died on the same day as C.S. Lewis and JFK."
MULTIPLE_CHOICE,Music,How many strings does a standard ukulele have?,Four,Five,Six,Eight,,Four,"A standard ukulele has four strings, usually tuned G-C-E-A, which is why chords are so easy for beginners."
MULTIPLE_CHOICE,Music,Which instrument earned the jazz-era nickname the licorice stick?,Clarinet,Oboe,Bassoon,Flute,,Clarinet,"Its slim black body reminded players of a licorice stick, and the name stuck all through the swing era."
MULTIPLE_CHOICE,Music,Who played the famous saxophone riff on Gerry Rafferty's Baker Street?,Raphael Ravenscroft,Clarence Clemons,Andy Mackay,Bobby Keys,,Raphael Ravenscroft,Session player Raphael Ravenscroft recorded the riff for a modest session fee and later said his cheque bounced.
TRUE_FALSE,Music,The theremin is played without the performer ever touching the instrument.,True,False,,,,True,"Players move their hands in the electromagnetic fields around two antennas to control pitch and volume, never touching it."
PUZZLE,Music,"Put these music formats in order of when they were first introduced, earliest first.",Vinyl LP,Compact cassette,Compact disc,Apple iPod,,Vinyl LP|Compact cassette|Compact disc|Apple iPod,"The LP arrived in 1948, the cassette in 1963, the CD in 1982 and the iPod in 2001 - roughly one leap per generation."
MULTIPLE_CHOICE,Food,Which spice is the most expensive in the world by weight?,Saffron,Vanilla,Cardamom,Cinnamon,,Saffron,"Saffron is hand-picked from crocus flowers, and it takes roughly 150,000 blooms to make a single kilogram."
MULTIPLE_CHOICE,Food,The green paste served as wasabi in most restaurants is usually made mainly from what?,Horseradish,Mustard greens,Green chilli,Kohlrabi,,Horseradish,"Real wasabi rhizome is notoriously hard to grow, so dyed horseradish stands in for it almost everywhere."
MULTIPLE_CHOICE,Food,Which French mother sauce is built from a white roux and milk?,Bechamel,Veloute,Espagnole,Hollandaise,,Bechamel,"Bechamel is the milk-based mother sauce, while veloute uses stock and espagnole uses brown stock."
TRUE_FALSE,Food,Ketchup began life as a fermented fish sauce rather than a tomato product.,True,False,,,,True,"The word comes from a Southeast Asian fermented fish condiment, and tomatoes were not added until the 1800s."
TYPE_ANSWER,Food,"What is the name of the savoury fifth basic taste, identified by a Japanese chemist in 1908?",umami,Umami,,,,umami,"Kikunae Ikeda isolated glutamate from kombu dashi and coined umami, meaning delicious taste."
